time_min,dex_price,supply,oracle_price,regime,bad_debt_cumulative,usdc_pool,allocator_inflow,arb_borrow
0.0000000000,1.0000000000,102000000.0000000000,1.1300000000,0.0000000000,0.0000000000,3000000.0000000000,0.0000000000,0.0000000000
0.2000000000,1.0000000000,102000000.0000000000,1.1300000000,0.0000000000,0.0000000000,3000000.0000000000,0.0000000000,0.0000000000
0.4000000000,1.0000000000,152000000.0000000000,1.1300000000,1.0000000000,0.0000000000,3000000.0000000000,0.0000000000,0.0000000000
0.6000000000,0.9900000000,152000000.0000000000,1.1298444296,1.0000000000,0.0000000000,3000000.0000000000,0.0000000000,0.0000000000
0.8000000000,0.9800000000,152000000.0000000000,1.1295354305,1.0000000000,0.0000000000,3000000.0000000000,0.0000000000,0.0000000000
1.0000000000,0.9700000000,152000000.0000000000,1.1290751150,1.0000000000,0.0000000000,3000000.0000000000,0.0000000000,0.0000000000
1.2000000000,0.9600000000,152000000.0000000000,1.1284655664,1.0000000000,0.0000000000,3000000.0000000000,0.0000000000,0.0000000000
1.4000000000,0.9500000000,152000000.0000000000,1.1277088392,1.0000000000,0.0000000000,3000000.0000000000,0.0000000000,0.0000000000
1.6000000000,0.9400000000,152000000.0000000000,1.1268069597,1.0000000000,0.0000000000,3000000.0000000000,0.0000000000,0.0000000000
1.8000000000,0.9300000000,152000000.0000000000,1.1257619261,1.0000000000,0.0000000000,3000000.0000000000,0.0000000000,0.0000000000
2.0000000000,0.9200000000,152000000.0000000000,1.1245757094,1.0000000000,0.0000000000,3000000.0000000000,0.0000000000,0.0000000000
2.2000000000,0.9100000000,152000000.0000000000,1.1232502533,1.0000000000,0.0000000000,3000000.0000000000,0.0000000000,0.0000000000
2.4000000000,0.9000000000,152000000.0000000000,1.1161349917,1.0000000000,0.0000000000,3000000.0000000000,0.0000000000,0.0000000000
2.6000000000,0.8976282918,152000000.0000000000,1.1093167442,1.0000000000,0.0000000000,3000000.0000000000,0.0000000000,0.0000000000
2.8000000000,0.8932917961,152000000.0000000000,1.1026269400,1.0000000000,0.0000000000,3000000.0000000000,0.0000000000,0.0000000000
3.0000000000,0.8876762425,152000000.0000000000,1.0959601877,1.0000000000,0.0000000000,3000000.0000000000,0.0000000000,0.0000000000
3.2000000000,0.8810263340,152000000.0000000000,1.0892366713,1.0000000000,0.0000000000,3000000.0000000000,0.0000000000,0.0000000000
3.4000000000,0.8734834957,152000000.0000000000,1.0823926215,1.0000000000,0.0000000000,3000000.0000000000,0.0000000000,0.0000000000
3.6000000000,0.8651431499,152000000.0000000000,1.0753757606,1.0000000000,0.0000000000,3000000.0000000000,0.0000000000,0.0000000000
3.8000000000,0.8560753486,152000000.0000000000,1.0681426127,1.0000000000,0.0000000000,3000000.0000000000,0.0000000000,0.0000000000
4.0000000000,0.8463343685,152000000.0000000000,1.0606567207,1.0000000000,0.0000000000,3000000.0000000000,0.0000000000,0.0000000000
4.2000000000,0.8359638774,152000000.0000000000,1.0528873732,1.0000000000,0.0000000000,3000000.0000000000,0.0000000000,0.0000000000
4.4000000000,0.8250000000,152000000.0000000000,1.0448086492,1.0000000000,0.0000000000,3000000.0000000000,0.0000000000,0.0000000000
4.6000000000,0.8134732700,152000000.0000000000,1.0363986742,1.0000000000,0.0000000000,3000000.0000000000,0.0000000000,0.0000000000
4.8000000000,0.8014099396,152000000.0000000000,1.0276390250,1.0000000000,0.0000000000,3000000.0000000000,0.0000000000,0.0000000000
5.0000000000,0.7888328961,152000000.0000000000,1.0185142442,1.0000000000,0.0000000000,3000000.0000000000,0.0000000000,0.0000000000
5.2000000000,0.7757623246,152000000.0000000000,1.0090114370,1.0000000000,0.0000000000,3000000.0000000000,0.0000000000,0.0000000000
5.4000000000,0.7622162020,152000000.0000000000,0.9991199325,1.0000000000,0.0000000000,3000000.0000000000,0.0000000000,0.0000000000
5.6000000000,0.7482106723,152000000.0000000000,0.9888309959,1.0000000000,0.0000000000,3000000.0000000000,0.0000000000,0.0000000000
5.8000000000,0.7337603387,152000000.0000000000,0.9781375826,1.0000000000,2204.0724878874,3000000.0000000000,0.0000000000,0.0000000000
6.0000000000,0.7188784938,152000000.0000000000,0.9670341255,1.0000000000,2204.0724878874,3000000.0000000000,0.0000000000,0.0000000000
6.2000000000,0.7035773053,152000000.0000000000,0.9555163511,1.0000000000,3961.7672308904,3000000.0000000000,0.0000000000,0.0000000000
6.4000000000,0.6878679656,152000000.0000000000,0.9435811192,1.0000000000,24197.0233430954,3000000.0000000000,0.0000000000,0.0000000000
6.6000000000,0.6717608162,152000000.0000000000,0.9312262823,1.0000000000,24197.0233430954,3000000.0000000000,0.0000000000,0.0000000000
6.8000000000,0.6552654499,152000000.0000000000,0.9184505626,1.0000000000,24197.0233430954,3000000.0000000000,0.0000000000,0.0000000000
7.0000000000,0.6383907972,152000000.0000000000,0.9052534437,1.0000000000,86401.8274973546,3000000.0000000000,0.0000000000,0.0000000000
7.2000000000,0.6211451991,152000000.0000000000,0.8916350752,1.0000000000,104571.7528016124,3000000.0000000000,0.0000000000,0.0000000000
7.4000000000,0.6035364694,152000000.0000000000,0.8775961875,1.0000000000,132622.9426594382,3000000.0000000000,0.0000000000,0.0000000000
7.6000000000,0.5855719478,152000000.0000000000,0.8631380180,1.0000000000,132622.9426594382,3000000.0000000000,0.0000000000,0.0000000000
7.8000000000,0.5672585463,152000000.0000000000,0.8482622440,1.0000000000,193298.6559155832,3000000.0000000000,0.0000000000,0.0000000000
8.0000000000,0.5486027889,152000000.0000000000,0.8329709241,1.0000000000,232873.5104615176,3000000.0000000000,0.0000000000,0.0000000000
8.2000000000,0.5296108465,152000000.0000000000,0.8172664462,1.0000000000,538924.1116375853,3000000.0000000000,0.0000000000,0.0000000000
8.4000000000,0.5102885683,152000000.0000000000,0.8011514809,1.0000000000,609874.1699485504,3000000.0000000000,0.0000000000,0.0000000000
8.6000000000,0.4906415080,152000000.0000000000,0.7414086840,1.0000000000,638040.7694485422,3000000.0000000000,0.0000000000,0.0000000000
8.8000000000,0.4706749483,152000000.0000000000,0.6906688577,1.0000000000,705249.9424531418,3000000.0000000000,0.0000000000,0.0000000000
9.0000000000,0.4503939224,152000000.0000000000,0.6466659629,1.0000000000,755619.5654629581,3000000.0000000000,0.0000000000,0.0000000000
9.2000000000,0.4298032327,152000000.0000000000,0.6076839771,1.0000000000,778918.8418705571,3000000.0000000000,0.0000000000,0.0000000000
9.4000000000,0.4089074680,152000000.0000000000,0.5724236543,1.0000000000,797051.1911536090,3000000.0000000000,0.0000000000,0.0000000000
9.6000000000,0.3877110191,152000000.0000000000,0.5399015512,1.0000000000,825054.1676776838,3000000.0000000000,0.0000000000,0.0000000000
9.8000000000,0.3662180923,152000000.0000000000,0.5093735084,1.0000000000,825054.1676776838,3000000.0000000000,0.0000000000,0.0000000000
10.0000000000,0.3444327223,152000000.0000000000,0.4802766623,1.0000000000,825054.1676776838,3000000.0000000000,0.0000000000,0.0000000000
10.2000000000,0.3223587835,152000000.0000000000,0.4521855022,1.0000000000,825054.1676776838,3000000.0000000000,0.0000000000,0.0000000000
10.4000000000,0.3000000000,152000000.0000000000,0.4247785704,1.0000000000,831429.0090039906,3000000.0000000000,0.0000000000,0.0000000000
10.6000000000,0.2907538099,152000000.0000000000,0.4014780563,1.0000000000,831429.0090039906,3000000.0000000000,0.0000000000,0.0000000000
10.8000000000,0.2604169582,152000000.0000000000,0.3755187950,1.0000000000,831429.0090039906,3000000.0000000000,0.0000000000,0.0000000000
11.0000000000,0.2335431785,152000000.0000000000,0.3484921465,1.0000000000,831429.0090039906,3000000.0000000000,0.0000000000,0.0000000000
11.2000000000,0.2097371474,152000000.0000000000,0.3214959675,1.0000000000,831429.0090039906,3000000.0000000000,0.0000000000,0.0000000000
11.4000000000,0.1886486691,152000000.0000000000,0.2952664572,1.0000000000,831429.0090039906,3000000.0000000000,0.0000000000,0.0000000000
11.6000000000,0.1699675244,152000000.0000000000,0.2702766682,1.0000000000,831429.0090039906,3000000.0000000000,0.0000000000,0.0000000000
11.8000000000,0.1534189064,152000000.0000000000,0.2468099144,1.0000000000,831429.0090039906,3000000.0000000000,0.0000000000,0.0000000000
12.0000000000,0.1387593787,152000000.0000000000,0.2250142986,1.0000000000,831429.0090039906,3000000.0000000000,0.0000000000,0.0000000000
12.2000000000,0.1257732944,152000000.0000000000,0.2049430565,1.0000000000,831429.0090039906,3000000.0000000000,0.0000000000,0.0000000000
12.4000000000,0.1142696230,152000000.0000000000,0.1865842632,1.0000000000,831429.0090039906,3000000.0000000000,0.0000000000,0.0000000000
12.6000000000,0.1040791414,152000000.0000000000,0.1698825786,1.0000000000,831429.0090039906,3000000.0000000000,0.0000000000,0.0000000000
12.8000000000,0.0950519437,152000000.0000000000,0.1547550455,1.0000000000,831429.0090039906,3000000.0000000000,0.0000000000,0.0000000000
13.0000000000,0.0870552364,152000000.0000000000,0.1411024591,1.0000000000,831429.0090039906,3000000.0000000000,0.0000000000,0.0000000000
13.2000000000,0.0799713850,152000000.0000000000,0.1288174490,1.0000000000,831429.0090039906,3000000.0000000000,0.0000000000,0.0000000000
13.4000000000,0.0736961834,152000000.0000000000,0.1177901307,1.0000000000,831429.0090039906,3000000.0000000000,0.0000000000,0.0000000000
13.6000000000,0.0681373208,152000000.0000000000,0.1079119695,1.0000000000,831429.0090039906,3000000.0000000000,0.0000000000,0.0000000000
13.8000000000,0.0632130245,152000000.0000000000,0.0990783366,1.0000000000,831429.0090039906,3000000.0000000000,0.0000000000,0.0000000000
14.0000000000,0.0588508562,152000000.0000000000,0.0911901176,1.0000000000,831429.0090039906,3000000.0000000000,0.0000000000,0.0000000000
14.2000000000,0.0549866467,152000000.0000000000,0.0841546399,1.0000000000,831429.0090039906,3000000.0000000000,0.0000000000,0.0000000000
14.4000000000,0.0515635520,152000000.0000000000,0.0778861172,1.0000000000,831429.0090039906,3000000.0000000000,0.0000000000,0.0000000000
14.6000000000,0.0485312172,152000000.0000000000,0.0723057575,1.0000000000,831429.0090039906,3000000.0000000000,0.0000000000,0.0000000000
14.8000000000,0.0458450354,152000000.0000000000,0.0673416423,1.0000000000,831429.0090039906,3000000.0000000000,0.0000000000,0.0000000000
15.0000000000,0.0434654919,152000000.0000000000,0.0629284554,1.0000000000,831429.0090039906,3000000.0000000000,0.0000000000,0.0000000000
15.2000000000,0.0413575827,152000000.0000000000,0.0590071187,1.0000000000,831429.0090039906,3000000.0000000000,0.0000000000,0.0000000000
15.4000000000,0.0394902998,152000000.0000000000,0.0555243751,1.0000000000,831429.0090039906,3000000.0000000000,0.0000000000,0.0000000000
15.6000000000,0.0378361746,152000000.0000000000,0.0524323469,1.0000000000,831429.0090039906,3000000.0000000000,0.0000000000,0.0000000000
15.8000000000,0.0363708743,152000000.0000000000,0.0496880922,1.0000000000,831429.0090039906,3000000.0000000000,0.0000000000,0.0000000000
16.0000000000,0.0350728439,152000000.0000000000,0.0472531687,1.0000000000,831429.0090039906,3000000.0000000000,0.0000000000,0.0000000000
16.2000000000,0.0339229888,152000000.0000000000,0.0450932182,1.0000000000,831429.0090039906,3000000.0000000000,0.0000000000,0.0000000000
16.4000000000,0.0329043942,152000000.0000000000,0.0431775739,1.0000000000,831429.0090039906,3000000.0000000000,0.0000000000,0.0000000000
16.6000000000,0.0320020763,152000000.0000000000,0.0414788946,1.0000000000,831429.0090039906,3000000.0000000000,0.0000000000,0.0000000000
16.8000000000,0.0312027615,152000000.0000000000,0.0399728278,1.0000000000,831429.0090039906,3000000.0000000000,0.0000000000,0.0000000000
17.0000000000,0.0304946917,152000000.0000000000,0.0386377005,1.0000000000,831429.0090039906,3000000.0000000000,0.0000000000,0.0000000000
17.2000000000,0.0401999867,152000000.0000000000,0.0402814273,1.0000000000,831429.0090039906,3000000.0000000000,0.0000000000,0.0000000000
17.4000000000,0.0403998933,152000000.0000000000,0.0415818378,1.0000000000,831429.0090039906,3000000.0000000000,0.0000000000,0.0000000000
17.6000000000,0.0405996401,152000000.0000000000,0.0426220194,1.0000000000,831429.0090039906,3000000.0000000000,0.0000000000,0.0000000000
17.8000000000,0.0407991469,152000000.0000000000,0.0434649188,1.0000000000,831429.0090039906,3000000.0000000000,0.0000000000,0.0000000000
18.0000000000,0.0409983342,152000000.0000000000,0.0441582187,1.0000000000,831429.0090039906,3000000.0000000000,0.0000000000,0.0000000000
18.2000000000,0.0411971221,152000000.0000000000,0.0447380341,1.0000000000,831429.0090039906,3000000.0000000000,0.0000000000,0.0000000000
18.4000000000,0.0413954311,152000000.0000000000,0.0452317134,1.0000000000,831429.0090039906,3000000.0000000000,0.0000000000,0.0000000000
18.6000000000,0.0415931821,152000000.0000000000,0.0456599609,1.0000000000,831429.0090039906,3000000.0000000000,0.0000000000,0.0000000000
18.8000000000,0.0417902957,152000000.0000000000,0.0460384462,1.0000000000,831429.0090039906,3000000.0000000000,0.0000000000,0.0000000000
19.0000000000,0.0419866933,152000000.0000000000,0.0463790227,1.0000000000,831429.0090039906,3000000.0000000000,0.0000000000,0.0000000000
19.2000000000,0.0421822962,152000000.0000000000,0.0466906523,1.0000000000,831429.0090039906,3000000.0000000000,0.0000000000,0.0000000000
19.4000000000,0.0423770263,152000000.0000000000,0.0469801055,1.0000000000,831429.0090039906,3000000.0000000000,0.0000000000,0.0000000000
19.6000000000,0.0425708055,152000000.0000000000,0.0472524918,1.0000000000,831429.0090039906,3000000.0000000000,0.0000000000,0.0000000000
19.8000000000,0.0427635565,152000000.0000000000,0.0475116626,1.0000000000,831429.0090039906,3000000.0000000000,0.0000000000,0.0000000000
20.0000000000,0.0429552021,152000000.0000000000,0.0477605155,1.0000000000,831429.0090039906,3000000.0000000000,0.0000000000,0.0000000000
20.2000000000,0.0431456656,152000000.0000000000,0.0480012253,1.0000000000,831429.0090039906,3000000.0000000000,0.0000000000,0.0000000000
20.4000000000,0.0433348709,152000000.0000000000,0.0482354197,1.0000000000,831429.0090039906,3000000.0000000000,0.0000000000,0.0000000000
20.6000000000,0.0435227423,152000000.0000000000,0.0484643112,1.0000000000,831429.0090039906,3000000.0000000000,0.0000000000,0.0000000000
20.8000000000,0.0437092047,152000000.0000000000,0.0486887984,1.0000000000,831429.0090039906,3000000.0000000000,0.0000000000,0.0000000000
21.0000000000,0.0438941834,152000000.0000000000,0.0489095418,1.0000000000,831429.0090039906,3000000.0000000000,0.0000000000,0.0000000000
21.2000000000,0.0440776045,152000000.0000000000,0.0491270217,1.0000000000,831429.0090039906,3000000.0000000000,0.0000000000,0.0000000000
21.4000000000,0.0442593947,152000000.0000000000,0.0493415821,1.0000000000,831429.0090039906,3000000.0000000000,0.0000000000,0.0000000000
21.6000000000,0.0444394811,152000000.0000000000,0.0495534637,1.0000000000,831429.0090039906,3000000.0000000000,0.0000000000,0.0000000000
21.8000000000,0.0446177918,152000000.0000000000,0.0497628294,1.0000000000,831429.0090039906,3000000.0000000000,0.0000000000,0.0000000000
22.0000000000,0.0447942554,152000000.0000000000,0.0499697829,1.0000000000,831429.0090039906,3000000.0000000000,0.0000000000,0.0000000000
22.2000000000,0.0449688014,152000000.0000000000,0.0501743836,1.0000000000,831429.0090039906,3000000.0000000000,0.0000000000,0.0000000000
22.4000000000,0.0451413599,152000000.0000000000,0.0503766574,1.0000000000,831429.0090039906,3000000.0000000000,0.0000000000,0.0000000000
22.6000000000,0.0453118620,152000000.0000000000,0.0505766051,1.0000000000,831429.0090039906,3000000.0000000000,0.0000000000,0.0000000000
22.8000000000,0.0454802394,152000000.0000000000,0.0507742086,1.0000000000,831429.0090039906,3000000.0000000000,0.0000000000,0.0000000000
23.0000000000,0.0456464247,152000000.0000000000,0.0509694357,1.0000000000,831429.0090039906,3000000.0000000000,0.0000000000,0.0000000000
23.2000000000,0.0458103516,152000000.0000000000,0.0511622438,1.0000000000,831429.0090039906,3000000.0000000000,0.0000000000,0.0000000000
23.4000000000,0.0459719544,152000000.0000000000,0.0513525829,1.0000000000,831429.0090039906,3000000.0000000000,0.0000000000,0.0000000000
23.6000000000,0.0461311685,152000000.0000000000,0.0515403971,1.0000000000,831429.0090039906,3000000.0000000000,0.0000000000,0.0000000000
23.8000000000,0.0462879302,152000000.0000000000,0.0517256268,1.0000000000,831429.0090039906,3000000.0000000000,0.0000000000,0.0000000000
24.0000000000,0.0464421769,152000000.0000000000,0.0519082097,1.0000000000,831429.0090039906,3000000.0000000000,0.0000000000,0.0000000000
24.2000000000,0.0465938467,152000000.0000000000,0.0520880815,1.0000000000,831429.0090039906,3000000.0000000000,0.0000000000,0.0000000000
24.4000000000,0.0467428791,152000000.0000000000,0.0522651772,1.0000000000,831429.0090039906,3000000.0000000000,0.0000000000,0.0000000000
24.6000000000,0.0468892145,152000000.0000000000,0.0524394309,1.0000000000,831429.0090039906,3000000.0000000000,0.0000000000,0.0000000000
24.8000000000,0.0470327942,152000000.0000000000,0.0526107768,1.0000000000,831429.0090039906,3000000.0000000000,0.0000000000,0.0000000000
25.0000000000,0.0471735609,152000000.0000000000,0.0527791493,1.0000000000,831429.0090039906,3000000.0000000000,0.0000000000,0.0000000000
25.2000000000,0.0473114583,152000000.0000000000,0.0529444833,1.0000000000,831429.0090039906,3000000.0000000000,0.0000000000,0.0000000000
25.4000000000,0.0474464312,152000000.0000000000,0.0531067144,1.0000000000,831429.0090039906,3000000.0000000000,0.0000000000,0.0000000000
25.6000000000,0.0475784256,152000000.0000000000,0.0532657789,1.0000000000,831429.0090039906,3000000.0000000000,0.0000000000,0.0000000000
25.8000000000,0.0477073888,152000000.0000000000,0.0534216141,1.0000000000,831429.0090039906,3000000.0000000000,0.0000000000,0.0000000000
26.0000000000,0.0478332691,152000000.0000000000,0.0535741586,1.0000000000,831429.0090039906,3000000.0000000000,0.0000000000,0.0000000000
26.2000000000,0.0479560162,152000000.0000000000,0.0537233517,1.0000000000,831429.0090039906,3000000.0000000000,0.0000000000,0.0000000000
26.4000000000,0.0480755810,152000000.0000000000,0.0538691343,1.0000000000,831429.0090039906,3000000.0000000000,0.0000000000,0.0000000000
26.6000000000,0.0481919157,152000000.0000000000,0.0540114483,1.0000000000,831429.0090039906,3000000.0000000000,0.0000000000,0.0000000000
26.8000000000,0.0483049737,152000000.0000000000,0.0541502372,1.0000000000,831429.0090039906,3000000.0000000000,0.0000000000,0.0000000000
27.0000000000,0.0484147098,152000000.0000000000,0.0542854455,1.0000000000,831429.0090039906,3000000.0000000000,0.0000000000,0.0000000000
27.2000000000,0.0485210802,152000000.0000000000,0.0544170193,1.0000000000,831429.0090039906,3000000.0000000000,0.0000000000,0.0000000000
27.4000000000,0.0486240423,152000000.0000000000,0.0545449061,1.0000000000,831429.0090039906,3000000.0000000000,0.0000000000,0.0000000000
27.6000000000,0.0487235548,152000000.0000000000,0.0546690547,1.0000000000,831429.0090039906,3000000.0000000000,0.0000000000,0.0000000000
27.8000000000,0.0488195781,152000000.0000000000,0.0547894158,1.0000000000,831429.0090039906,3000000.0000000000,0.0000000000,0.0000000000
28.0000000000,0.0489120736,152000000.0000000000,0.0549059410,1.0000000000,831429.0090039906,3000000.0000000000,0.0000000000,0.0000000000
28.2000000000,0.0490010044,152000000.0000000000,0.0550185839,1.0000000000,831429.0090039906,3000000.0000000000,0.0000000000,0.0000000000
28.4000000000,0.0490863350,152000000.0000000000,0.0551272994,1.0000000000,831429.0090039906,3000000.0000000000,0.0000000000,0.0000000000
28.6000000000,0.0491680311,152000000.0000000000,0.0552320440,1.0000000000,831429.0090039906,3000000.0000000000,0.0000000000,0.0000000000
28.8000000000,0.0492460601,152000000.0000000000,0.0553327759,1.0000000000,831429.0090039906,3000000.0000000000,0.0000000000,0.0000000000
29.0000000000,0.0493203909,152000000.0000000000,0.0554294548,1.0000000000,831429.0090039906,3000000.0000000000,0.0000000000,0.0000000000
29.2000000000,0.0493909936,152000000.0000000000,0.0555220420,1.0000000000,831429.0090039906,3000000.0000000000,0.0000000000,0.0000000000
29.4000000000,0.0494578400,152000000.0000000000,0.0556105006,1.0000000000,831429.0090039906,3000000.0000000000,0.0000000000,0.0000000000
29.6000000000,0.0495209034,152000000.0000000000,0.0556947950,1.0000000000,831429.0090039906,3000000.0000000000,0.0000000000,0.0000000000
29.8000000000,0.0495801586,152000000.0000000000,0.0557748917,1.0000000000,831429.0090039906,3000000.0000000000,0.0000000000,0.0000000000
30.0000000000,0.0496355819,152000000.0000000000,0.0558507585,1.0000000000,831429.0090039906,3000000.0000000000,0.0000000000,0.0000000000
30.2000000000,0.0496871510,152000000.0000000000,0.0559223652,1.0000000000,831429.0090039906,3000000.0000000000,0.0000000000,0.0000000000
30.4000000000,0.0497348454,152000000.0000000000,0.0559896830,1.0000000000,831429.0090039906,3000000.0000000000,0.0000000000,0.0000000000
30.6000000000,0.0497786460,152000000.0000000000,0.0560526851,1.0000000000,831429.0090039906,3000000.0000000000,0.0000000000,0.0000000000
30.8000000000,0.0498185353,152000000.0000000000,0.0561113463,1.0000000000,831429.0090039906,3000000.0000000000,0.0000000000,0.0000000000
31.0000000000,0.0498544973,152000000.0000000000,0.0561656431,1.0000000000,831429.0090039906,3000000.0000000000,0.0000000000,0.0000000000
31.2000000000,0.0498865176,152000000.0000000000,0.0562155538,1.0000000000,831429.0090039906,3000000.0000000000,0.0000000000,0.0000000000
31.4000000000,0.0499145835,152000000.0000000000,0.0562610584,1.0000000000,831429.0090039906,3000000.0000000000,0.0000000000,0.0000000000
31.6000000000,0.0499386836,152000000.0000000000,0.0563021388,1.0000000000,831429.0090039906,3000000.0000000000,0.0000000000,0.0000000000
31.8000000000,0.0499588084,152000000.0000000000,0.0563387784,1.0000000000,831429.0090039906,3000000.0000000000,0.0000000000,0.0000000000
32.0000000000,0.0499749499,152000000.0000000000,0.0563709626,1.0000000000,831429.0090039906,3000000.0000000000,0.0000000000,0.0000000000
32.2000000000,0.0499871014,152000000.0000000000,0.0563986787,1.0000000000,831429.0090039906,3000000.0000000000,0.0000000000,0.0000000000
32.4000000000,0.0499952583,152000000.0000000000,0.0564219154,1.0000000000,831429.0090039906,3000000.0000000000,0.0000000000,0.0000000000
32.6000000000,0.0499994172,152000000.0000000000,0.0564406634,1.0000000000,831429.0090039906,3000000.0000000000,0.0000000000,0.0000000000
32.8000000000,0.0499995765,152000000.0000000000,0.0564549154,1.0000000000,831429.0090039906,3000000.0000000000,0.0000000000,0.0000000000
33.0000000000,0.0499957360,152000000.0000000000,0.0564646656,1.0000000000,831429.0090039906,3000000.0000000000,0.0000000000,0.0000000000
33.2000000000,0.0499878974,152000000.0000000000,0.0564699100,1.0000000000,831429.0090039906,3000000.0000000000,0.0000000000,0.0000000000
33.4000000000,0.0499760638,152000000.0000000000,0.0564706466,1.0000000000,831429.0090039906,3000000.0000000000,0.0000000000,0.0000000000
33.6000000000,0.0499602399,152000000.0000000000,0.0564668751,1.0000000000,831429.0090039906,3000000.0000000000,0.0000000000,0.0000000000
33.8000000000,0.0499404320,152000000.0000000000,0.0564585970,1.0000000000,831429.0090039906,3000000.0000000000,0.0000000000,0.0000000000
34.0000000000,0.0499166481,152000000.0000000000,0.0564458157,1.0000000000,831429.0090039906,3000000.0000000000,0.0000000000,0.0000000000
34.2000000000,0.0498888977,152000000.0000000000,0.0564285361,1.0000000000,831429.0090039906,3000000.0000000000,0.0000000000,0.0000000000
34.4000000000,0.0498571918,152000000.0000000000,0.0564067653,1.0000000000,831429.0090039906,3000000.0000000000,0.0000000000,0.0000000000
34.6000000000,0.0498215432,152000000.0000000000,0.0563805119,1.0000000000,831429.0090039906,3000000.0000000000,0.0000000000,0.0000000000
34.8000000000,0.0497819661,152000000.0000000000,0.0563497865,1.0000000000,831429.0090039906,3000000.0000000000,0.0000000000,0.0000000000
35.0000000000,0.0497384763,152000000.0000000000,0.0563146013,1.0000000000,831429.0090039906,3000000.0000000000,0.0000000000,0.0000000000
35.2000000000,0.0496910913,152000000.0000000000,0.0562749704,1.0000000000,831429.0090039906,3000000.0000000000,0.0000000000,0.0000000000
35.4000000000,0.0496398300,152000000.0000000000,0.0562309097,1.0000000000,831429.0090039906,3000000.0000000000,0.0000000000,0.0000000000
35.6000000000,0.0495847128,152000000.0000000000,0.0561824367,1.0000000000,831429.0090039906,3000000.0000000000,0.0000000000,0.0000000000
35.8000000000,0.0495257619,152000000.0000000000,0.0561295710,1.0000000000,831429.0090039906,3000000.0000000000,0.0000000000,0.0000000000
36.0000000000,0.0494630009,152000000.0000000000,0.0560723335,1.0000000000,831429.0090039906,3000000.0000000000,0.0000000000,0.0000000000
36.2000000000,0.0493964547,152000000.0000000000,0.0560107473,1.0000000000,831429.0090039906,3000000.0000000000,0.0000000000,0.0000000000
36.4000000000,0.0493261501,152000000.0000000000,0.0559448369,1.0000000000,831429.0090039906,3000000.0000000000,0.0000000000,0.0000000000
36.6000000000,0.0492521152,152000000.0000000000,0.0558746287,1.0000000000,831429.0090039906,3000000.0000000000,0.0000000000,0.0000000000
36.8000000000,0.0491743796,152000000.0000000000,0.0558001508,1.0000000000,831429.0090039906,3000000.0000000000,0.0000000000,0.0000000000
37.0000000000,0.0490929743,152000000.0000000000,0.0557214330,1.0000000000,831429.0090039906,3000000.0000000000,0.0000000000,0.0000000000
37.2000000000,0.0490079319,152000000.0000000000,0.0556385067,1.0000000000,831429.0090039906,3000000.0000000000,0.0000000000,0.0000000000
37.4000000000,0.0489192865,152000000.0000000000,0.0555514052,1.0000000000,831429.0090039906,3000000.0000000000,0.0000000000,0.0000000000
37.6000000000,0.0488270735,152000000.0000000000,0.0554601633,1.0000000000,831429.0090039906,3000000.0000000000,0.0000000000,0.0000000000
37.8000000000,0.0487313298,152000000.0000000000,0.0553648174,1.0000000000,831429.0090039906,3000000.0000000000,0.0000000000,0.0000000000
38.0000000000,0.0486320937,152000000.0000000000,0.0552654057,1.0000000000,831429.0090039906,3000000.0000000000,0.0000000000,0.0000000000
38.2000000000,0.0485294048,152000000.0000000000,0.0551619681,1.0000000000,831429.0090039906,3000000.0000000000,0.0000000000,0.0000000000
38.4000000000,0.0484233043,152000000.0000000000,0.0550545457,1.0000000000,831429.0090039906,3000000.0000000000,0.0000000000,0.0000000000
38.6000000000,0.0483138346,152000000.0000000000,0.0549431817,1.0000000000,831429.0090039906,3000000.0000000000,0.0000000000,0.0000000000
38.8000000000,0.0482010395,152000000.0000000000,0.0548279205,1.0000000000,831429.0090039906,3000000.0000000000,0.0000000000,0.0000000000
39.0000000000,0.0480849640,152000000.0000000000,0.0547088083,1.0000000000,831429.0090039906,3000000.0000000000,0.0000000000,0.0000000000
39.2000000000,0.0479656547,152000000.0000000000,0.0545858927,1.0000000000,831429.0090039906,3000000.0000000000,0.0000000000,0.0000000000
39.4000000000,0.0478431593,152000000.0000000000,0.0544592229,1.0000000000,831429.0090039906,3000000.0000000000,0.0000000000,0.0000000000
39.6000000000,0.0477175266,152000000.0000000000,0.0543288495,1.0000000000,831429.0090039906,3000000.0000000000,0.0000000000,0.0000000000
39.8000000000,0.0475888071,152000000.0000000000,0.0541948246,1.0000000000,831429.0090039906,3000000.0000000000,0.0000000000,0.0000000000
40.0000000000,0.0474570521,152000000.0000000000,0.0540572020,1.0000000000,831429.0090039906,3000000.0000000000,0.0000000000,0.0000000000
40.2000000000,0.0473223144,152000000.0000000000,0.0539160366,1.0000000000,831429.0090039906,3000000.0000000000,0.0000000000,0.0000000000
40.4000000000,0.0471846479,152000000.0000000000,0.0537713849,1.0000000000,831429.0090039906,3000000.0000000000,0.0000000000,0.0000000000
40.6000000000,0.0470441077,152000000.0000000000,0.0536233048,1.0000000000,831429.0090039906,3000000.0000000000,0.0000000000,0.0000000000
40.8000000000,0.0469007498,152000000.0000000000,0.0534718554,1.0000000000,831429.0090039906,3000000.0000000000,0.0000000000,0.0000000000
41.0000000000,0.0467546318,152000000.0000000000,0.0533170975,1.0000000000,831429.0090039906,3000000.0000000000,0.0000000000,0.0000000000
41.2000000000,0.0466058120,152000000.0000000000,0.0531590928,1.0000000000,831429.0090039906,3000000.0000000000,0.0000000000,0.0000000000
41.4000000000,0.0464543500,152000000.0000000000,0.0529979045,1.0000000000,831429.0090039906,3000000.0000000000,0.0000000000,0.0000000000
41.6000000000,0.0463003063,152000000.0000000000,0.0528335972,1.0000000000,831429.0090039906,3000000.0000000000,0.0000000000,0.0000000000
41.8000000000,0.0461437426,152000000.0000000000,0.0526662366,1.0000000000,831429.0090039906,3000000.0000000000,0.0000000000,0.0000000000
42.0000000000,0.0459847214,152000000.0000000000,0.0524958896,1.0000000000,831429.0090039906,3000000.0000000000,0.0000000000,0.0000000000
42.2000000000,0.0458233065,152000000.0000000000,0.0523226243,1.0000000000,831429.0090039906,3000000.0000000000,0.0000000000,0.0000000000
42.4000000000,0.0456595623,152000000.0000000000,0.0521465100,1.0000000000,831429.0090039906,3000000.0000000000,0.0000000000,0.0000000000
42.6000000000,0.0454935544,152000000.0000000000,0.0519676173,1.0000000000,831429.0090039906,3000000.0000000000,0.0000000000,0.0000000000
42.8000000000,0.0453253491,152000000.0000000000,0.0517860176,1.0000000000,831429.0090039906,3000000.0000000000,0.0000000000,0.0000000000
43.0000000000,0.0451550137,152000000.0000000000,0.0516017835,1.0000000000,831429.0090039906,3000000.0000000000,0.0000000000,0.0000000000
43.2000000000,0.0449826164,152000000.0000000000,0.0514149889,1.0000000000,831429.0090039906,3000000.0000000000,0.0000000000,0.0000000000
43.4000000000,0.0448082261,152000000.0000000000,0.0512257083,1.0000000000,831429.0090039906,3000000.0000000000,0.0000000000,0.0000000000
43.6000000000,0.0446319126,152000000.0000000000,0.0510340176,1.0000000000,831429.0090039906,3000000.0000000000,0.0000000000,0.0000000000
43.8000000000,0.0444537464,152000000.0000000000,0.0508399933,1.0000000000,831429.0090039906,3000000.0000000000,0.0000000000,0.0000000000
44.0000000000,0.0442737988,152000000.0000000000,0.0506437130,1.0000000000,831429.0090039906,3000000.0000000000,0.0000000000,0.0000000000
44.2000000000,0.0440921417,152000000.0000000000,0.0504452554,1.0000000000,831429.0090039906,3000000.0000000000,0.0000000000,0.0000000000
44.4000000000,0.0439088478,152000000.0000000000,0.0502446997,1.0000000000,831429.0090039906,3000000.0000000000,0.0000000000,0.0000000000
44.6000000000,0.0437239904,152000000.0000000000,0.0500421262,1.0000000000,831429.0090039906,3000000.0000000000,0.0000000000,0.0000000000
44.8000000000,0.0435376435,152000000.0000000000,0.0498376160,1.0000000000,831429.0090039906,3000000.0000000000,0.0000000000,0.0000000000
45.0000000000,0.0433498815,152000000.0000000000,0.0496312507,1.0000000000,831429.0090039906,3000000.0000000000,0.0000000000,0.0000000000
45.2000000000,0.0431607796,152000000.0000000000,0.0494231130,1.0000000000,831429.0090039906,3000000.0000000000,0.0000000000,0.0000000000
45.4000000000,0.0429704135,152000000.0000000000,0.0492132862,1.0000000000,831429.0090039906,3000000.0000000000,0.0000000000,0.0000000000
45.6000000000,0.0427788593,152000000.0000000000,0.0490018540,1.0000000000,831429.0090039906,3000000.0000000000,0.0000000000,0.0000000000
45.8000000000,0.0425861935,152000000.0000000000,0.0487889012,1.0000000000,831429.0090039906,3000000.0000000000,0.0000000000,0.0000000000
46.0000000000,0.0423924933,152000000.0000000000,0.0485745128,1.0000000000,831429.0090039906,3000000.0000000000,0.0000000000,0.0000000000
46.2000000000,0.0421978361,152000000.0000000000,0.0483587747,1.0000000000,831429.0090039906,3000000.0000000000,0.0000000000,0.0000000000
46.4000000000,0.0420022998,152000000.0000000000,0.0481417732,1.0000000000,831429.0090039906,3000000.0000000000,0.0000000000,0.0000000000
46.6000000000,0.0418059627,152000000.0000000000,0.0479235949,1.0000000000,831429.0090039906,3000000.0000000000,0.0000000000,0.0000000000
46.8000000000,0.0416089031,152000000.0000000000,0.0477043273,1.0000000000,831429.0090039906,3000000.0000000000,0.0000000000,0.0000000000
47.0000000000,0.0414112001,152000000.0000000000,0.0474840579,1.0000000000,831429.0090039906,3000000.0000000000,0.0000000000,0.0000000000
47.2000000000,0.0412129326,152000000.0000000000,0.0472628750,1.0000000000,831429.0090039906,3000000.0000000000,0.0000000000,0.0000000000
47.4000000000,0.0410141799,152000000.0000000000,0.0470408669,1.0000000000,831429.0090039906,3000000.0000000000,0.0000000000,0.0000000000
47.6000000000,0.0408150215,152000000.0000000000,0.0468181226,1.0000000000,831429.0090039906,3000000.0000000000,0.0000000000,0.0000000000
47.8000000000,0.0406155372,152000000.0000000000,0.0465947310,1.0000000000,831429.0090039906,3000000.0000000000,0.0000000000,0.0000000000
48.0000000000,0.0404158066,152000000.0000000000,0.0463707815,1.0000000000,831429.0090039906,3000000.0000000000,0.0000000000,0.0000000000
48.2000000000,0.0402159098,152000000.0000000000,0.0461463637,1.0000000000,831429.0090039906,3000000.0000000000,0.0000000000,0.0000000000
48.4000000000,0.0400159265,152000000.0000000000,0.0459215674,1.0000000000,831429.0090039906,3000000.0000000000,0.0000000000,0.0000000000
48.6000000000,0.0398159369,152000000.0000000000,0.0456964825,1.0000000000,831429.0090039906,3000000.0000000000,0.0000000000,0.0000000000
48.8000000000,0.0396160210,152000000.0000000000,0.0454711989,1.0000000000,831429.0090039906,3000000.0000000000,0.0000000000,0.0000000000
49.0000000000,0.0394162586,152000000.0000000000,0.0452458070,1.0000000000,831429.0090039906,3000000.0000000000,0.0000000000,0.0000000000
49.2000000000,0.0392167297,152000000.0000000000,0.0450203966,1.0000000000,831429.0090039906,3000000.0000000000,0.0000000000,0.0000000000
49.4000000000,0.0390175141,152000000.0000000000,0.0447950582,1.0000000000,831429.0090039906,3000000.0000000000,0.0000000000,0.0000000000
49.6000000000,0.0388186914,152000000.0000000000,0.0445698817,1.0000000000,831429.0090039906,3000000.0000000000,0.0000000000,0.0000000000
49.8000000000,0.0386203413,152000000.0000000000,0.0443449572,1.0000000000,831429.0090039906,3000000.0000000000,0.0000000000,0.0000000000
50.0000000000,0.0384225431,152000000.0000000000,0.0441203747,1.0000000000,831429.0090039906,3000000.0000000000,0.0000000000,0.0000000000
50.2000000000,0.0382253758,152000000.0000000000,0.0438962241,1.0000000000,831429.0090039906,3000000.0000000000,0.0000000000,0.0000000000
50.4000000000,0.0380289183,152000000.0000000000,0.0436725950,1.0000000000,831429.0090039906,3000000.0000000000,0.0000000000,0.0000000000
50.6000000000,0.0378332492,152000000.0000000000,0.0434495768,1.0000000000,831429.0090039906,3000000.0000000000,0.0000000000,0.0000000000
50.8000000000,0.0376384468,152000000.0000000000,0.0432272588,1.0000000000,831429.0090039906,3000000.0000000000,0.0000000000,0.0000000000
51.0000000000,0.0374445890,152000000.0000000000,0.0430057298,1.0000000000,831429.0090039906,3000000.0000000000,0.0000000000,0.0000000000
51.2000000000,0.0372517533,152000000.0000000000,0.0427850785,1.0000000000,831429.0090039906,3000000.0000000000,0.0000000000,0.0000000000
51.4000000000,0.0370600169,152000000.0000000000,0.0425653931,1.0000000000,831429.0090039906,3000000.0000000000,0.0000000000,0.0000000000
51.6000000000,0.0368694564,152000000.0000000000,0.0423467616,1.0000000000,831429.0090039906,3000000.0000000000,0.0000000000,0.0000000000
51.8000000000,0.0366801481,152000000.0000000000,0.0421292713,1.0000000000,831429.0090039906,3000000.0000000000,0.0000000000,0.0000000000
52.0000000000,0.0364921677,152000000.0000000000,0.0419130093,1.0000000000,831429.0090039906,3000000.0000000000,0.0000000000,0.0000000000
52.2000000000,0.0363055904,152000000.0000000000,0.0416980620,1.0000000000,831429.0090039906,3000000.0000000000,0.0000000000,0.0000000000
52.4000000000,0.0361204908,152000000.0000000000,0.0414845154,1.0000000000,831429.0090039906,3000000.0000000000,0.0000000000,0.0000000000
52.6000000000,0.0359369430,152000000.0000000000,0.0412724550,1.0000000000,831429.0090039906,3000000.0000000000,0.0000000000,0.0000000000
52.8000000000,0.0357550203,152000000.0000000000,0.0410619656,1.0000000000,831429.0090039906,3000000.0000000000,0.0000000000,0.0000000000
53.0000000000,0.0355747956,152000000.0000000000,0.0408531313,1.0000000000,831429.0090039906,3000000.0000000000,0.0000000000,0.0000000000
53.2000000000,0.0353963409,152000000.0000000000,0.0406460357,1.0000000000,831429.0090039906,3000000.0000000000,0.0000000000,0.0000000000
53.4000000000,0.0352197275,152000000.0000000000,0.0404407616,1.0000000000,831429.0090039906,3000000.0000000000,0.0000000000,0.0000000000
53.6000000000,0.0350450263,152000000.0000000000,0.0402373911,1.0000000000,831429.0090039906,3000000.0000000000,0.0000000000,0.0000000000
53.8000000000,0.0348723069,152000000.0000000000,0.0400360057,1.0000000000,831429.0090039906,3000000.0000000000,0.0000000000,0.0000000000
54.0000000000,0.0347016386,152000000.0000000000,0.0398366857,1.0000000000,831429.0090039906,3000000.0000000000,0.0000000000,0.0000000000
54.2000000000,0.0345330895,152000000.0000000000,0.0396395110,1.0000000000,831429.0090039906,3000000.0000000000,0.0000000000,0.0000000000
54.4000000000,0.0343667272,152000000.0000000000,0.0394445605,1.0000000000,831429.0090039906,3000000.0000000000,0.0000000000,0.0000000000
54.6000000000,0.0342026180,152000000.0000000000,0.0392519120,1.0000000000,831429.0090039906,3000000.0000000000,0.0000000000,0.0000000000
54.8000000000,0.0340408278,152000000.0000000000,0.0390616427,1.0000000000,831429.0090039906,3000000.0000000000,0.0000000000,0.0000000000
55.0000000000,0.0338814211,152000000.0000000000,0.0388738287,1.0000000000,831429.0090039906,3000000.0000000000,0.0000000000,0.0000000000
55.2000000000,0.0337244618,152000000.0000000000,0.0386885450,1.0000000000,831429.0090039906,3000000.0000000000,0.0000000000,0.0000000000
55.4000000000,0.0335700126,152000000.0000000000,0.0385058658,1.0000000000,831429.0090039906,3000000.0000000000,0.0000000000,0.0000000000
55.6000000000,0.0334181353,152000000.0000000000,0.0383258642,1.0000000000,831429.0090039906,3000000.0000000000,0.0000000000,0.0000000000
55.8000000000,0.0332688907,152000000.0000000000,0.0381486122,1.0000000000,831429.0090039906,3000000.0000000000,0.0000000000,0.0000000000
56.0000000000,0.0331223384,152000000.0000000000,0.0379741806,1.0000000000,831429.0090039906,3000000.0000000000,0.0000000000,0.0000000000
56.2000000000,0.0329785371,152000000.0000000000,0.0378026393,1.0000000000,831429.0090039906,3000000.0000000000,0.0000000000,0.0000000000
56.4000000000,0.0328375443,152000000.0000000000,0.0376340568,1.0000000000,831429.0090039906,3000000.0000000000,0.0000000000,0.0000000000
56.6000000000,0.0326994164,152000000.0000000000,0.0374685005,1.0000000000,831429.0090039906,3000000.0000000000,0.0000000000,0.0000000000
56.8000000000,0.0325642086,152000000.0000000000,0.0373060368,1.0000000000,831429.0090039906,3000000.0000000000,0.0000000000,0.0000000000
57.0000000000,0.0324319750,152000000.0000000000,0.0371467306,1.0000000000,831429.0090039906,3000000.0000000000,0.0000000000,0.0000000000
57.2000000000,0.0323027686,152000000.0000000000,0.0369906455,1.0000000000,831429.0090039906,3000000.0000000000,0.0000000000,0.0000000000
57.4000000000,0.0321766409,152000000.0000000000,0.0368378441,1.0000000000,831429.0090039906,3000000.0000000000,0.0000000000,0.0000000000
57.6000000000,0.0320536425,152000000.0000000000,0.0366883874,1.0000000000,831429.0090039906,3000000.0000000000,0.0000000000,0.0000000000
57.8000000000,0.0319338225,152000000.0000000000,0.0365423353,1.0000000000,831429.0090039906,3000000.0000000000,0.0000000000,0.0000000000
58.0000000000,0.0318172289,152000000.0000000000,0.0363997461,1.0000000000,831429.0090039906,3000000.0000000000,0.0000000000,0.0000000000
58.2000000000,0.0317039083,152000000.0000000000,0.0362606769,1.0000000000,831429.0090039906,3000000.0000000000,0.0000000000,0.0000000000
58.4000000000,0.0315939060,152000000.0000000000,0.0361251833,1.0000000000,831429.0090039906,3000000.0000000000,0.0000000000,0.0000000000
58.6000000000,0.0314872660,152000000.0000000000,0.0359933195,1.0000000000,831429.0090039906,3000000.0000000000,0.0000000000,0.0000000000
58.8000000000,0.0313840310,152000000.0000000000,0.0358651383,1.0000000000,831429.0090039906,3000000.0000000000,0.0000000000,0.0000000000
59.0000000000,0.0312842423,152000000.0000000000,0.0357406909,1.0000000000,831429.0090039906,3000000.0000000000,0.0000000000,0.0000000000
59.2000000000,0.0311879397,152000000.0000000000,0.0356200271,1.0000000000,831429.0090039906,3000000.0000000000,0.0000000000,0.0000000000
59.4000000000,0.0310951619,152000000.0000000000,0.0355031951,1.0000000000,831429.0090039906,3000000.0000000000,0.0000000000,0.0000000000
59.6000000000,0.0310059459,152000000.0000000000,0.0353902418,1.0000000000,831429.0090039906,3000000.0000000000,0.0000000000,0.0000000000
59.8000000000,0.0309203274,152000000.0000000000,0.0352812122,1.0000000000,831429.0090039906,3000000.0000000000,0.0000000000,0.0000000000
60.0000000000,0.0308383406,152000000.0000000000,0.0351761500,1.0000000000,831429.0090039906,3000000.0000000000,0.0000000000,0.0000000000
60.2000000000,0.0307600184,152000000.0000000000,0.0350750972,1.0000000000,831429.0090039906,3000000.0000000000,0.0000000000,0.0000000000
60.4000000000,0.0306853921,152000000.0000000000,0.0349780942,1.0000000000,831429.0090039906,3000000.0000000000,0.0000000000,0.0000000000
60.6000000000,0.0306144914,152000000.0000000000,0.0348851798,1.0000000000,831429.0090039906,3000000.0000000000,0.0000000000,0.0000000000
60.8000000000,0.0305473449,152000000.0000000000,0.0347963913,1.0000000000,831429.0090039906,3000000.0000000000,0.0000000000,0.0000000000
61.0000000000,0.0304839793,152000000.0000000000,0.0347117640,1.0000000000,831429.0090039906,3000000.0000000000,0.0000000000,0.0000000000
61.2000000000,0.0304244199,152000000.0000000000,0.0346313319,1.0000000000,831429.0090039906,3000000.0000000000,0.0000000000,0.0000000000
61.4000000000,0.0303686907,152000000.0000000000,0.0345551272,1.0000000000,831429.0090039906,3000000.0000000000,0.0000000000,0.0000000000
61.6000000000,0.0303168139,152000000.0000000000,0.0344831802,1.0000000000,831429.0090039906,3000000.0000000000,0.0000000000,0.0000000000
61.8000000000,0.0302688102,152000000.0000000000,0.0344155198,1.0000000000,831429.0090039906,3000000.0000000000,0.0000000000,0.0000000000
62.0000000000,0.0302246988,152000000.0000000000,0.0343521731,1.0000000000,831429.0090039906,3000000.0000000000,0.0000000000,0.0000000000
62.2000000000,0.0301844975,152000000.0000000000,0.0342931653,1.0000000000,831429.0090039906,3000000.0000000000,0.0000000000,0.0000000000
62.4000000000,0.0301482222,152000000.0000000000,0.0342385202,1.0000000000,831429.0090039906,3000000.0000000000,0.0000000000,0.0000000000
62.6000000000,0.0301158875,152000000.0000000000,0.0341882595,1.0000000000,831429.0090039906,3000000.0000000000,0.0000000000,0.0000000000
62.8000000000,0.0300875063,152000000.0000000000,0.0341424033,1.0000000000,831429.0090039906,3000000.0000000000,0.0000000000,0.0000000000
63.0000000000,0.0300630900,152000000.0000000000,0.0341009700,1.0000000000,831429.0090039906,3000000.0000000000,0.0000000000,0.0000000000
63.2000000000,0.0300426483,152000000.0000000000,0.0340639762,1.0000000000,831429.0090039906,3000000.0000000000,0.0000000000,0.0000000000
63.4000000000,0.0300261894,152000000.0000000000,0.0340314367,1.0000000000,831429.0090039906,3000000.0000000000,0.0000000000,0.0000000000
63.6000000000,0.0300137199,152000000.0000000000,0.0340033644,1.0000000000,831429.0090039906,3000000.0000000000,0.0000000000,0.0000000000
63.8000000000,0.0300052448,152000000.0000000000,0.0339797707,1.0000000000,831429.0090039906,3000000.0000000000,0.0000000000,0.0000000000
64.0000000000,0.0300007674,152000000.0000000000,0.0339606648,1.0000000000,831429.0090039906,3000000.0000000000,0.0000000000,0.0000000000
64.2000000000,0.0300002896,152000000.0000000000,0.0339460546,1.0000000000,831429.0090039906,3000000.0000000000,0.0000000000,0.0000000000
64.4000000000,0.0300038116,152000000.0000000000,0.0339359458,1.0000000000,831429.0090039906,3000000.0000000000,0.0000000000,0.0000000000
64.6000000000,0.0300113319,152000000.0000000000,0.0339303425,1.0000000000,831429.0090039906,3000000.0000000000,0.0000000000,0.0000000000
64.8000000000,0.0300228475,152000000.0000000000,0.0339292468,1.0000000000,831429.0090039906,3000000.0000000000,0.0000000000,0.0000000000
65.0000000000,0.0300383539,152000000.0000000000,0.0339326594,1.0000000000,831429.0090039906,3000000.0000000000,0.0000000000,0.0000000000
65.2000000000,0.0300578448,152000000.0000000000,0.0339405787,1.0000000000,831429.0090039906,3000000.0000000000,0.0000000000,0.0000000000
65.4000000000,0.0300813124,152000000.0000000000,0.0339530016,1.0000000000,831429.0090039906,3000000.0000000000,0.0000000000,0.0000000000
65.6000000000,0.0301087474,152000000.0000000000,0.0339699232,1.0000000000,831429.0090039906,3000000.0000000000,0.0000000000,0.0000000000
65.8000000000,0.0301401387,152000000.0000000000,0.0339913366,1.0000000000,831429.0090039906,3000000.0000000000,0.0000000000,0.0000000000
66.0000000000,0.0301754739,152000000.0000000000,0.0340172334,1.0000000000,831429.0090039906,3000000.0000000000,0.0000000000,0.0000000000
66.2000000000,0.0302147387,152000000.0000000000,0.0340476031,1.0000000000,831429.0090039906,3000000.0000000000,0.0000000000,0.0000000000
66.4000000000,0.0302579175,152000000.0000000000,0.0340824337,1.0000000000,831429.0090039906,3000000.0000000000,0.0000000000,0.0000000000
66.6000000000,0.0303049930,152000000.0000000000,0.0341217111,1.0000000000,831429.0090039906,3000000.0000000000,0.0000000000,0.0000000000
66.8000000000,0.0303559464,152000000.0000000000,0.0341654197,1.0000000000,831429.0090039906,3000000.0000000000,0.0000000000,0.0000000000
67.0000000000,0.0304107573,152000000.0000000000,0.0342135420,1.0000000000,831429.0090039906,3000000.0000000000,0.0000000000,0.0000000000
67.2000000000,0.0304694037,152000000.0000000000,0.0342660587,1.0000000000,831429.0090039906,3000000.0000000000,0.0000000000,0.0000000000
67.4000000000,0.0305318622,152000000.0000000000,0.0343229488,1.0000000000,831429.0090039906,3000000.0000000000,0.0000000000,0.0000000000
67.6000000000,0.0305981079,152000000.0000000000,0.0343841896,1.0000000000,831429.0090039906,3000000.0000000000,0.0000000000,0.0000000000
67.8000000000,0.0306681142,152000000.0000000000,0.0344497566,1.0000000000,831429.0090039906,3000000.0000000000,0.0000000000,0.0000000000
68.0000000000,0.0307418532,152000000.0000000000,0.0345196236,1.0000000000,831429.0090039906,3000000.0000000000,0.0000000000,0.0000000000
68.2000000000,0.0308192953,152000000.0000000000,0.0345937626,1.0000000000,831429.0090039906,3000000.0000000000,0.0000000000,0.0000000000
68.4000000000,0.0309004095,152000000.0000000000,0.0346721439,1.0000000000,831429.0090039906,3000000.0000000000,0.0000000000,0.0000000000
68.6000000000,0.0309851634,152000000.0000000000,0.0347547362,1.0000000000,831429.0090039906,3000000.0000000000,0.0000000000,0.0000000000
68.8000000000,0.0310735232,152000000.0000000000,0.0348415065,1.0000000000,831429.0090039906,3000000.0000000000,0.0000000000,0.0000000000
69.0000000000,0.0311654534,152000000.0000000000,0.0349324200,1.0000000000,831429.0090039906,3000000.0000000000,0.0000000000,0.0000000000
69.2000000000,0.0312609174,152000000.0000000000,0.0350274404,1.0000000000,831429.0090039906,3000000.0000000000,0.0000000000,0.0000000000
69.4000000000,0.0313598768,152000000.0000000000,0.0351265298,1.0000000000,831429.0090039906,3000000.0000000000,0.0000000000,0.0000000000
69.6000000000,0.0314622922,152000000.0000000000,0.0352296483,1.0000000000,831429.0090039906,3000000.0000000000,0.0000000000,0.0000000000
69.8000000000,0.0315681226,152000000.0000000000,0.0353367549,1.0000000000,831429.0090039906,3000000.0000000000,0.0000000000,0.0000000000
70.0000000000,0.0316773256,152000000.0000000000,0.0354478067,1.0000000000,831429.0090039906,3000000.0000000000,0.0000000000,0.0000000000
70.2000000000,0.0317898575,152000000.0000000000,0.0355627592,1.0000000000,831429.0090039906,3000000.0000000000,0.0000000000,0.0000000000
70.4000000000,0.0319056734,152000000.0000000000,0.0356815665,1.0000000000,831429.0090039906,3000000.0000000000,0.0000000000,0.0000000000
70.6000000000,0.0320247270,152000000.0000000000,0.0358041810,1.0000000000,831429.0090039906,3000000.0000000000,0.0000000000,0.0000000000
70.8000000000,0.0321469705,152000000.0000000000,0.0359305537,1.0000000000,831429.0090039906,3000000.0000000000,0.0000000000,0.0000000000
71.0000000000,0.0322723551,152000000.0000000000,0.0360606341,1.0000000000,831429.0090039906,3000000.0000000000,0.0000000000,0.0000000000
71.2000000000,0.0324008307,152000000.0000000000,0.0361943701,1.0000000000,831429.0090039906,3000000.0000000000,0.0000000000,0.0000000000
71.4000000000,0.0325323459,152000000.0000000000,0.0363317082,1.0000000000,831429.0090039906,3000000.0000000000,0.0000000000,0.0000000000
71.6000000000,0.0326668480,152000000.0000000000,0.0364725935,1.0000000000,831429.0090039906,3000000.0000000000,0.0000000000,0.0000000000
71.8000000000,0.0328042833,152000000.0000000000,0.0366169697,1.0000000000,831429.0090039906,3000000.0000000000,0.0000000000,0.0000000000
72.0000000000,0.0329445967,152000000.0000000000,0.0367647790,1.0000000000,831429.0090039906,3000000.0000000000,0.0000000000,0.0000000000
72.2000000000,0.0330877323,152000000.0000000000,0.0369159622,1.0000000000,831429.0090039906,3000000.0000000000,0.0000000000,0.0000000000
72.4000000000,0.0332336326,152000000.0000000000,0.0370704589,1.0000000000,831429.0090039906,3000000.0000000000,0.0000000000,0.0000000000
72.6000000000,0.0333822395,152000000.0000000000,0.0372282074,1.0000000000,831429.0090039906,3000000.0000000000,0.0000000000,0.0000000000
72.8000000000,0.0335334933,152000000.0000000000,0.0373891445,1.0000000000,831429.0090039906,3000000.0000000000,0.0000000000,0.0000000000
73.0000000000,0.0336873336,152000000.0000000000,0.0375532058,1.0000000000,831429.0090039906,3000000.0000000000,0.0000000000,0.0000000000
73.2000000000,0.0338436989,152000000.0000000000,0.0377203257,1.0000000000,831429.0090039906,3000000.0000000000,0.0000000000,0.0000000000
73.4000000000,0.0340025267,152000000.0000000000,0.0378904374,1.0000000000,831429.0090039906,3000000.0000000000,0.0000000000,0.0000000000
73.6000000000,0.0341637534,152000000.0000000000,0.0380634728,1.0000000000,831429.0090039906,3000000.0000000000,0.0000000000,0.0000000000
73.8000000000,0.0343273145,152000000.0000000000,0.0382393628,1.0000000000,831429.0090039906,3000000.0000000000,0.0000000000,0.0000000000
74.0000000000,0.0344931446,152000000.0000000000,0.0384180369,1.0000000000,831429.0090039906,3000000.0000000000,0.0000000000,0.0000000000
74.2000000000,0.0346611773,152000000.0000000000,0.0385994237,1.0000000000,831429.0090039906,3000000.0000000000,0.0000000000,0.0000000000
74.4000000000,0.0348313456,152000000.0000000000,0.0387834506,1.0000000000,831429.0090039906,3000000.0000000000,0.0000000000,0.0000000000
74.6000000000,0.0350035812,152000000.0000000000,0.0389700441,1.0000000000,831429.0090039906,3000000.0000000000,0.0000000000,0.0000000000
74.8000000000,0.0351778153,152000000.0000000000,0.0391591294,1.0000000000,831429.0090039906,3000000.0000000000,0.0000000000,0.0000000000
75.0000000000,0.0353539782,152000000.0000000000,0.0393506311,1.0000000000,831429.0090039906,3000000.0000000000,0.0000000000,0.0000000000
75.2000000000,0.0355319995,152000000.0000000000,0.0395444724,1.0000000000,831429.0090039906,3000000.0000000000,0.0000000000,0.0000000000
75.4000000000,0.0357118079,152000000.0000000000,0.0397405758,1.0000000000,831429.0090039906,3000000.0000000000,0.0000000000,0.0000000000
75.6000000000,0.0358933315,152000000.0000000000,0.0399388630,1.0000000000,831429.0090039906,3000000.0000000000,0.0000000000,0.0000000000
75.8000000000,0.0360764978,152000000.0000000000,0.0401392545,1.0000000000,831429.0090039906,3000000.0000000000,0.0000000000,0.0000000000
76.0000000000,0.0362612334,152000000.0000000000,0.0403416702,1.0000000000,831429.0090039906,3000000.0000000000,0.0000000000,0.0000000000
76.2000000000,0.0364474644,152000000.0000000000,0.0405460293,1.0000000000,831429.0090039906,3000000.0000000000,0.0000000000,0.0000000000
76.4000000000,0.0366351164,152000000.0000000000,0.0407522498,1.0000000000,831429.0090039906,3000000.0000000000,0.0000000000,0.0000000000
76.6000000000,0.0368241143,152000000.0000000000,0.0409602494,1.0000000000,831429.0090039906,3000000.0000000000,0.0000000000,0.0000000000
76.8000000000,0.0370143826,152000000.0000000000,0.0411699448,1.0000000000,831429.0090039906,3000000.0000000000,0.0000000000,0.0000000000
77.0000000000,0.0372058450,152000000.0000000000,0.0413812522,1.0000000000,831429.0090039906,3000000.0000000000,0.0000000000,0.0000000000
77.2000000000,0.0373984251,152000000.0000000000,0.0415940871,1.0000000000,831429.0090039906,3000000.0000000000,0.0000000000,0.0000000000
77.4000000000,0.0375920457,152000000.0000000000,0.0418083642,1.0000000000,831429.0090039906,3000000.0000000000,0.0000000000,0.0000000000
77.6000000000,0.0377866296,152000000.0000000000,0.0420239980,1.0000000000,831429.0090039906,3000000.0000000000,0.0000000000,0.0000000000
77.8000000000,0.0379820987,152000000.0000000000,0.0422409022,1.0000000000,831429.0090039906,3000000.0000000000,0.0000000000,0.0000000000
78.0000000000,0.0381783750,152000000.0000000000,0.0424589899,1.0000000000,831429.0090039906,3000000.0000000000,0.0000000000,0.0000000000
78.2000000000,0.0383753798,152000000.0000000000,0.0426781740,1.0000000000,831429.0090039906,3000000.0000000000,0.0000000000,0.0000000000
78.4000000000,0.0385730346,152000000.0000000000,0.0428983668,1.0000000000,831429.0090039906,3000000.0000000000,0.0000000000,0.0000000000
78.6000000000,0.0387712600,152000000.0000000000,0.0431194802,1.0000000000,831429.0090039906,3000000.0000000000,0.0000000000,0.0000000000
78.8000000000,0.0389699770,152000000.0000000000,0.0433414258,1.0000000000,831429.0090039906,3000000.0000000000,0.0000000000,0.0000000000
79.0000000000,0.0391691060,152000000.0000000000,0.0435641148,1.0000000000,831429.0090039906,3000000.0000000000,0.0000000000,0.0000000000
79.2000000000,0.0393685673,152000000.0000000000,0.0437874582,1.0000000000,831429.0090039906,3000000.0000000000,0.0000000000,0.0000000000
79.4000000000,0.0395682811,152000000.0000000000,0.0440113665,1.0000000000,831429.0090039906,3000000.0000000000,0.0000000000,0.0000000000
79.6000000000,0.0397681677,152000000.0000000000,0.0442357503,1.0000000000,831429.0090039906,3000000.0000000000,0.0000000000,0.0000000000
79.8000000000,0.0399681470,152000000.0000000000,0.0444605197,1.0000000000,831429.0090039906,3000000.0000000000,0.0000000000,0.0000000000
80.0000000000,0.0401681390,152000000.0000000000,0.0446855850,1.0000000000,831429.0090039906,3000000.0000000000,0.0000000000,0.0000000000
80.2000000000,0.0403680638,182000000.0000000000,0.0449108560,1.0000000000,831429.0090039906,3000000.0000000000,0.0000000000,0.0000000000
80.4000000000,0.0300000000,182000000.0000000000,0.0422446684,1.0000000000,831429.0090039906,3000000.0000000000,0.0000000000,0.0000000000
80.6000000000,0.0300000000,182000000.0000000000,0.0402240761,1.0000000000,831429.0090039906,3000000.0000000000,0.0000000000,0.0000000000
80.8000000000,0.0300000000,182000000.0000000000,0.0386927534,1.0000000000,831429.0090039906,3000000.0000000000,0.0000000000,0.0000000000
81.0000000000,0.0300000000,182000000.0000000000,0.0375322279,1.0000000000,831429.0090039906,3000000.0000000000,0.0000000000,0.0000000000
81.2000000000,0.0300000000,182000000.0000000000,0.0366527140,1.0000000000,831429.0090039906,3000000.0000000000,0.0000000000,0.0000000000
81.4000000000,0.0300000000,182000000.0000000000,0.0359861671,1.0000000000,831429.0090039906,3000000.0000000000,0.0000000000,0.0000000000
81.6000000000,0.0300000000,182000000.0000000000,0.0354810190,1.0000000000,831429.0090039906,3000000.0000000000,0.0000000000,0.0000000000
81.8000000000,0.0300000000,182000000.0000000000,0.0350981884,1.0000000000,831429.0090039906,3000000.0000000000,0.0000000000,0.0000000000
82.0000000000,0.0300000000,182000000.0000000000,0.0348080570,1.0000000000,831429.0090039906,3000000.0000000000,0.0000000000,0.0000000000
82.2000000000,0.0300000000,182000000.0000000000,0.0345881785,1.0000000000,831429.0090039906,3000000.0000000000,0.0000000000,0.0000000000
82.4000000000,0.0300000000,182000000.0000000000,0.0344215418,1.0000000000,831429.0090039906,3000000.0000000000,0.0000000000,0.0000000000
82.6000000000,0.0300000000,182000000.0000000000,0.0342952548,1.0000000000,831429.0090039906,3000000.0000000000,0.0000000000,0.0000000000
82.8000000000,0.0300000000,182000000.0000000000,0.0341995471,1.0000000000,831429.0090039906,3000000.0000000000,0.0000000000,0.0000000000
83.0000000000,0.0300000000,182000000.0000000000,0.0341270142,1.0000000000,831429.0090039906,3000000.0000000000,0.0000000000,0.0000000000
83.2000000000,0.0300000000,182000000.0000000000,0.0340720446,1.0000000000,831429.0090039906,3000000.0000000000,0.0000000000,0.0000000000
83.4000000000,0.0300000000,182000000.0000000000,0.0340303854,1.0000000000,831429.0090039906,3000000.0000000000,0.0000000000,0.0000000000
83.6000000000,0.0300000000,182000000.0000000000,0.0339988137,1.0000000000,831429.0090039906,3000000.0000000000,0.0000000000,0.0000000000
83.8000000000,0.0300000000,182000000.0000000000,0.0339748868,1.0000000000,831429.0090039906,3000000.0000000000,0.0000000000,0.0000000000
84.0000000000,0.0300000000,182000000.0000000000,0.0339567536,1.0000000000,831429.0090039906,3000000.0000000000,0.0000000000,0.0000000000
84.2000000000,0.0300000000,182000000.0000000000,0.0339430112,1.0000000000,831429.0090039906,3000000.0000000000,0.0000000000,0.0000000000
84.4000000000,0.0300000000,182000000.0000000000,0.0339325964,1.0000000000,831429.0090039906,3000000.0000000000,0.0000000000,0.0000000000
84.6000000000,0.0300000000,182000000.0000000000,0.0339247034,1.0000000000,831429.0090039906,3000000.0000000000,0.0000000000,0.0000000000
84.8000000000,0.0300000000,182000000.0000000000,0.0339187217,1.0000000000,831429.0090039906,3000000.0000000000,0.0000000000,0.0000000000
85.0000000000,0.0300000000,182000000.0000000000,0.0339141884,1.0000000000,831429.0090039906,3000000.0000000000,0.0000000000,0.0000000000
85.2000000000,0.0300000000,182000000.0000000000,0.0339107528,1.0000000000,831429.0090039906,3000000.0000000000,0.0000000000,0.0000000000
85.4000000000,0.0350499992,182000000.0000000000,0.0352899306,1.0000000000,831429.0090039906,3000000.0000000000,0.0000000000,0.0000000000
85.6000000000,0.0350999933,182000000.0000000000,0.0363488313,1.0000000000,831429.0090039906,3000000.0000000000,0.0000000000,0.0000000000
85.8000000000,0.0351499775,182000000.0000000000,0.0371650046,1.0000000000,831429.0090039906,3000000.0000000000,0.0000000000,0.0000000000
86.0000000000,0.0351999467,182000000.0000000000,0.0377972209,1.0000000000,831429.0090039906,3000000.0000000000,0.0000000000,0.0000000000
86.2000000000,0.0352498958,182000000.0000000000,0.0382900184,1.0000000000,831429.0090039906,3000000.0000000000,0.0000000000,0.0000000000
86.4000000000,0.0352998200,182000000.0000000000,0.0386771493,1.0000000000,831429.0090039906,3000000.0000000000,0.0000000000,0.0000000000
86.6000000000,0.0353497142,182000000.0000000000,0.0389841917,1.0000000000,831429.0090039906,3000000.0000000000,0.0000000000,0.0000000000
86.8000000000,0.0353995735,182000000.0000000000,0.0392305289,1.0000000000,831429.0090039906,3000000.0000000000,0.0000000000,0.0000000000
87.0000000000,0.0354493927,182000000.0000000000,0.0394308491,1.0000000000,831429.0090039906,3000000.0000000000,0.0000000000,0.0000000000
87.2000000000,0.0354991671,182000000.0000000000,0.0395962826,1.0000000000,831429.0090039906,3000000.0000000000,0.0000000000,0.0000000000
87.4000000000,0.0355488915,182000000.0000000000,0.0397352635,1.0000000000,831429.0090039906,3000000.0000000000,0.0000000000,0.0000000000
87.6000000000,0.0355985610,182000000.0000000000,0.0398541818,1.0000000000,831429.0090039906,3000000.0000000000,0.0000000000,0.0000000000
87.8000000000,0.0356481707,182000000.0000000000,0.0399578793,1.0000000000,831429.0090039906,3000000.0000000000,0.0000000000,0.0000000000
88.0000000000,0.0356977156,182000000.0000000000,0.0400500237,1.0000000000,831429.0090039906,3000000.0000000000,0.0000000000,0.0000000000
88.2000000000,0.0357471907,182000000.0000000000,0.0401333935,1.0000000000,831429.0090039906,3000000.0000000000,0.0000000000,0.0000000000
88.4000000000,0.0357965910,182000000.0000000000,0.0402100930,1.0000000000,831429.0090039906,3000000.0000000000,0.0000000000,0.0000000000
88.6000000000,0.0358459117,182000000.0000000000,0.0402817154,1.0000000000,831429.0090039906,3000000.0000000000,0.0000000000,0.0000000000
88.8000000000,0.0358951479,182000000.0000000000,0.0403494671,1.0000000000,831429.0090039906,3000000.0000000000,0.0000000000,0.0000000000
89.0000000000,0.0359442945,182000000.0000000000,0.0404142607,1.0000000000,831429.0090039906,3000000.0000000000,0.0000000000,0.0000000000
89.2000000000,0.0359933467,182000000.0000000000,0.0404767868,1.0000000000,831429.0090039906,3000000.0000000000,0.0000000000,0.0000000000
89.4000000000,0.0360422995,182000000.0000000000,0.0405375672,1.0000000000,831429.0090039906,3000000.0000000000,0.0000000000,0.0000000000
89.6000000000,0.0360911481,182000000.0000000000,0.0405969961,1.0000000000,831429.0090039906,3000000.0000000000,0.0000000000,0.0000000000
89.8000000000,0.0361398876,182000000.0000000000,0.0406553709,1.0000000000,831429.0090039906,3000000.0000000000,0.0000000000,0.0000000000
90.0000000000,0.0361885131,182000000.0000000000,0.0407129156,1.0000000000,831429.0090039906,3000000.0000000000,0.0000000000,0.0000000000
90.2000000000,0.0362370198,182000000.0000000000,0.0407697987,1.0000000000,831429.0090039906,3000000.0000000000,0.0000000000,0.0000000000
90.4000000000,0.0362854028,182000000.0000000000,0.0408261467,1.0000000000,831429.0090039906,3000000.0000000000,0.0000000000,0.0000000000
90.6000000000,0.0363336572,182000000.0000000000,0.0408820538,1.0000000000,831429.0090039906,3000000.0000000000,0.0000000000,0.0000000000
90.8000000000,0.0363817782,182000000.0000000000,0.0409375904,1.0000000000,831429.0090039906,3000000.0000000000,0.0000000000,0.0000000000
91.0000000000,0.0364297611,182000000.0000000000,0.0409928083,1.0000000000,831429.0090039906,3000000.0000000000,0.0000000000,0.0000000000
91.2000000000,0.0364776010,182000000.0000000000,0.0410477456,1.0000000000,831429.0090039906,3000000.0000000000,0.0000000000,0.0000000000
91.4000000000,0.0365252932,182000000.0000000000,0.0411024298,1.0000000000,831429.0090039906,3000000.0000000000,0.0000000000,0.0000000000
91.6000000000,0.0365728328,182000000.0000000000,0.0411568806,1.0000000000,831429.0090039906,3000000.0000000000,0.0000000000,0.0000000000
91.8000000000,0.0366202151,182000000.0000000000,0.0412111112,1.0000000000,831429.0090039906,3000000.0000000000,0.0000000000,0.0000000000
92.0000000000,0.0366674355,182000000.0000000000,0.0412651308,1.0000000000,831429.0090039906,3000000.0000000000,0.0000000000,0.0000000000
92.2000000000,0.0367144890,182000000.0000000000,0.0413189448,1.0000000000,831429.0090039906,3000000.0000000000,0.0000000000,0.0000000000
92.4000000000,0.0367613712,182000000.0000000000,0.0413725561,1.0000000000,831429.0090039906,3000000.0000000000,0.0000000000,0.0000000000
92.6000000000,0.0368080772,182000000.0000000000,0.0414259656,1.0000000000,831429.0090039906,3000000.0000000000,0.0000000000,0.0000000000
92.8000000000,0.0368546023,182000000.0000000000,0.0414791726,1.0000000000,831429.0090039906,3000000.0000000000,0.0000000000,0.0000000000
93.0000000000,0.0369009421,182000000.0000000000,0.0415321755,1.0000000000,831429.0090039906,3000000.0000000000,0.0000000000,0.0000000000
93.2000000000,0.0369470917,182000000.0000000000,0.0415849716,1.0000000000,831429.0090039906,3000000.0000000000,0.0000000000,0.0000000000
93.4000000000,0.0369930466,182000000.0000000000,0.0416375578,1.0000000000,831429.0090039906,3000000.0000000000,0.0000000000,0.0000000000
93.6000000000,0.0370388023,182000000.0000000000,0.0416899303,1.0000000000,831429.0090039906,3000000.0000000000,0.0000000000,0.0000000000
93.8000000000,0.0370843540,182000000.0000000000,0.0417420852,1.0000000000,831429.0090039906,3000000.0000000000,0.0000000000,0.0000000000
94.0000000000,0.0371296973,182000000.0000000000,0.0417940180,1.0000000000,831429.0090039906,3000000.0000000000,0.0000000000,0.0000000000
94.2000000000,0.0371748277,182000000.0000000000,0.0418457243,1.0000000000,831429.0090039906,3000000.0000000000,0.0000000000,0.0000000000
94.4000000000,0.0372197405,182000000.0000000000,0.0418971994,1.0000000000,831429.0090039906,3000000.0000000000,0.0000000000,0.0000000000
94.6000000000,0.0372644314,182000000.0000000000,0.0419484385,1.0000000000,831429.0090039906,3000000.0000000000,0.0000000000,0.0000000000
94.8000000000,0.0373088959,182000000.0000000000,0.0419994369,1.0000000000,831429.0090039906,3000000.0000000000,0.0000000000,0.0000000000
95.0000000000,0.0373531294,182000000.0000000000,0.0420501897,1.0000000000,831429.0090039906,3000000.0000000000,0.0000000000,0.0000000000
95.2000000000,0.0373971277,182000000.0000000000,0.0421006919,1.0000000000,831429.0090039906,3000000.0000000000,0.0000000000,0.0000000000
95.4000000000,0.0374408862,182000000.0000000000,0.0421509386,1.0000000000,831429.0090039906,3000000.0000000000,0.0000000000,0.0000000000
95.6000000000,0.0374844007,182000000.0000000000,0.0422009249,1.0000000000,831429.0090039906,3000000.0000000000,0.0000000000,0.0000000000
95.8000000000,0.0375276667,182000000.0000000000,0.0422506459,1.0000000000,831429.0090039906,3000000.0000000000,0.0000000000,0.0000000000
96.0000000000,0.0375706800,182000000.0000000000,0.0423000967,1.0000000000,831429.0090039906,3000000.0000000000,0.0000000000,0.0000000000
96.2000000000,0.0376134361,182000000.0000000000,0.0423492723,1.0000000000,831429.0090039906,3000000.0000000000,0.0000000000,0.0000000000
96.4000000000,0.0376559310,182000000.0000000000,0.0423981679,1.0000000000,831429.0090039906,3000000.0000000000,0.0000000000,0.0000000000
96.6000000000,0.0376981602,182000000.0000000000,0.0424467786,1.0000000000,831429.0090039906,3000000.0000000000,0.0000000000,0.0000000000
96.8000000000,0.0377401197,182000000.0000000000,0.0424950996,1.0000000000,831429.0090039906,3000000.0000000000,0.0000000000,0.0000000000
97.0000000000,0.0377818051,182000000.0000000000,0.0425431260,1.0000000000,831429.0090039906,3000000.0000000000,0.0000000000,0.0000000000
97.2000000000,0.0378232124,182000000.0000000000,0.0425908531,1.0000000000,831429.0090039906,3000000.0000000000,0.0000000000,0.0000000000
97.4000000000,0.0378643373,182000000.0000000000,0.0426382761,1.0000000000,831429.0090039906,3000000.0000000000,0.0000000000,0.0000000000
97.6000000000,0.0379051758,182000000.0000000000,0.0426853902,1.0000000000,831429.0090039906,3000000.0000000000,0.0000000000,0.0000000000
97.8000000000,0.0379457238,182000000.0000000000,0.0427321908,1.0000000000,831429.0090039906,3000000.0000000000,0.0000000000,0.0000000000
98.0000000000,0.0379859772,182000000.0000000000,0.0427786732,1.0000000000,831429.0090039906,3000000.0000000000,0.0000000000,0.0000000000
98.2000000000,0.0380259320,182000000.0000000000,0.0428248327,1.0000000000,831429.0090039906,3000000.0000000000,0.0000000000,0.0000000000
98.4000000000,0.0380655843,182000000.0000000000,0.0428706646,1.0000000000,831429.0090039906,3000000.0000000000,0.0000000000,0.0000000000
98.6000000000,0.0381049299,182000000.0000000000,0.0429161646,1.0000000000,831429.0090039906,3000000.0000000000,0.0000000000,0.0000000000
98.8000000000,0.0381439651,182000000.0000000000,0.0429613279,1.0000000000,831429.0090039906,3000000.0000000000,0.0000000000,0.0000000000
99.0000000000,0.0381826859,182000000.0000000000,0.0430061501,1.0000000000,831429.0090039906,3000000.0000000000,0.0000000000,0.0000000000
99.2000000000,0.0382210884,182000000.0000000000,0.0430506266,1.0000000000,831429.0090039906,3000000.0000000000,0.0000000000,0.0000000000
99.4000000000,0.0382591689,182000000.0000000000,0.0430947531,1.0000000000,831429.0090039906,3000000.0000000000,0.0000000000,0.0000000000
99.6000000000,0.0382969234,182000000.0000000000,0.0431385251,1.0000000000,831429.0090039906,3000000.0000000000,0.0000000000,0.0000000000
99.8000000000,0.0383343482,182000000.0000000000,0.0431819383,1.0000000000,831429.0090039906,3000000.0000000000,0.0000000000,0.0000000000
100.0000000000,0.0383714396,182000000.0000000000,0.0432249883,1.0000000000,831429.0090039906,3000000.0000000000,0.0000000000,0.0000000000
100.2000000000,0.0384081938,182000000.0000000000,0.0432676708,1.0000000000,831429.0090039906,3000000.0000000000,0.0000000000,0.0000000000
100.4000000000,0.0384446072,182000000.0000000000,0.0433099815,1.0000000000,831429.0090039906,3000000.0000000000,0.0000000000,0.0000000000
100.6000000000,0.0384806762,182000000.0000000000,0.0433519162,1.0000000000,831429.0090039906,3000000.0000000000,0.0000000000,0.0000000000
100.8000000000,0.0385163971,182000000.0000000000,0.0433934708,1.0000000000,831429.0090039906,3000000.0000000000,0.0000000000,0.0000000000
101.0000000000,0.0385517664,182000000.0000000000,0.0434346410,1.0000000000,831429.0090039906,3000000.0000000000,0.0000000000,0.0000000000
101.2000000000,0.0385867805,182000000.0000000000,0.0434754227,1.0000000000,831429.0090039906,3000000.0000000000,0.0000000000,0.0000000000
101.4000000000,0.0386214359,182000000.0000000000,0.0435158119,1.0000000000,831429.0090039906,3000000.0000000000,0.0000000000,0.0000000000
101.6000000000,0.0386557291,182000000.0000000000,0.0435558045,1.0000000000,831429.0090039906,3000000.0000000000,0.0000000000,0.0000000000
101.8000000000,0.0386896569,182000000.0000000000,0.0435953966,1.0000000000,831429.0090039906,3000000.0000000000,0.0000000000,0.0000000000
102.0000000000,0.0387232156,182000000.0000000000,0.0436345841,1.0000000000,831429.0090039906,3000000.0000000000,0.0000000000,0.0000000000
102.2000000000,0.0387564020,182000000.0000000000,0.0436733631,1.0000000000,831429.0090039906,3000000.0000000000,0.0000000000,0.0000000000
102.4000000000,0.0387892128,182000000.0000000000,0.0437117298,1.0000000000,831429.0090039906,3000000.0000000000,0.0000000000,0.0000000000
102.6000000000,0.0388216447,182000000.0000000000,0.0437496804,1.0000000000,831429.0090039906,3000000.0000000000,0.0000000000,0.0000000000
102.8000000000,0.0388536944,182000000.0000000000,0.0437872110,1.0000000000,831429.0090039906,3000000.0000000000,0.0000000000,0.0000000000
103.0000000000,0.0388853587,182000000.0000000000,0.0438243178,1.0000000000,831429.0090039906,3000000.0000000000,0.0000000000,0.0000000000
103.2000000000,0.0389166345,182000000.0000000000,0.0438609973,1.0000000000,831429.0090039906,3000000.0000000000,0.0000000000,0.0000000000
103.4000000000,0.0389475187,182000000.0000000000,0.0438972456,1.0000000000,831429.0090039906,3000000.0000000000,0.0000000000,0.0000000000
103.6000000000,0.0389780081,182000000.0000000000,0.0439330592,1.0000000000,831429.0090039906,3000000.0000000000,0.0000000000,0.0000000000
103.8000000000,0.0390080997,182000000.0000000000,0.0439684345,1.0000000000,831429.0090039906,3000000.0000000000,0.0000000000,0.0000000000
104.0000000000,0.0390377905,182000000.0000000000,0.0440033680,1.0000000000,831429.0090039906,3000000.0000000000,0.0000000000,0.0000000000
104.2000000000,0.0390670775,182000000.0000000000,0.0440378562,1.0000000000,831429.0090039906,3000000.0000000000,0.0000000000,0.0000000000
104.4000000000,0.0390959578,182000000.0000000000,0.0440718955,1.0000000000,831429.0090039906,3000000.0000000000,0.0000000000,0.0000000000
104.6000000000,0.0391244286,182000000.0000000000,0.0441054827,1.0000000000,831429.0090039906,3000000.0000000000,0.0000000000,0.0000000000
104.8000000000,0.0391524869,182000000.0000000000,0.0441386143,1.0000000000,831429.0090039906,3000000.0000000000,0.0000000000,0.0000000000
105.0000000000,0.0391801299,182000000.0000000000,0.0441712871,1.0000000000,831429.0090039906,3000000.0000000000,0.0000000000,0.0000000000
105.2000000000,0.0392073549,182000000.0000000000,0.0442034978,1.0000000000,831429.0090039906,3000000.0000000000,0.0000000000,0.0000000000
105.4000000000,0.0392341592,182000000.0000000000,0.0442352431,1.0000000000,831429.0090039906,3000000.0000000000,0.0000000000,0.0000000000
105.6000000000,0.0392605401,182000000.0000000000,0.0442665198,1.0000000000,831429.0090039906,3000000.0000000000,0.0000000000,0.0000000000
105.8000000000,0.0392864949,182000000.0000000000,0.0442973250,1.0000000000,831429.0090039906,3000000.0000000000,0.0000000000,0.0000000000
106.0000000000,0.0393120211,182000000.0000000000,0.0443276554,1.0000000000,831429.0090039906,3000000.0000000000,0.0000000000,0.0000000000
106.2000000000,0.0393371161,182000000.0000000000,0.0443575080,1.0000000000,831429.0090039906,3000000.0000000000,0.0000000000,0.0000000000
106.4000000000,0.0393617774,182000000.0000000000,0.0443868799,1.0000000000,831429.0090039906,3000000.0000000000,0.0000000000,0.0000000000
106.6000000000,0.0393860025,182000000.0000000000,0.0444157681,1.0000000000,831429.0090039906,3000000.0000000000,0.0000000000,0.0000000000
106.8000000000,0.0394097890,182000000.0000000000,0.0444441698,1.0000000000,831429.0090039906,3000000.0000000000,0.0000000000,0.0000000000
107.0000000000,0.0394331346,182000000.0000000000,0.0444720820,1.0000000000,831429.0090039906,3000000.0000000000,0.0000000000,0.0000000000
107.2000000000,0.0394560368,182000000.0000000000,0.0444995020,1.0000000000,831429.0090039906,3000000.0000000000,0.0000000000,0.0000000000
107.4000000000,0.0394784934,182000000.0000000000,0.0445264271,1.0000000000,831429.0090039906,3000000.0000000000,0.0000000000,0.0000000000
107.6000000000,0.0395005022,182000000.0000000000,0.0445528546,1.0000000000,831429.0090039906,3000000.0000000000,0.0000000000,0.0000000000
107.8000000000,0.0395220609,182000000.0000000000,0.0445787817,1.0000000000,831429.0090039906,3000000.0000000000,0.0000000000,0.0000000000
108.0000000000,0.0395431675,182000000.0000000000,0.0446042060,1.0000000000,831429.0090039906,3000000.0000000000,0.0000000000,0.0000000000
108.2000000000,0.0395638197,182000000.0000000000,0.0446291249,1.0000000000,831429.0090039906,3000000.0000000000,0.0000000000,0.0000000000
108.4000000000,0.0395840155,182000000.0000000000,0.0446535358,1.0000000000,831429.0090039906,3000000.0000000000,0.0000000000,0.0000000000
108.6000000000,0.0396037530,182000000.0000000000,0.0446774364,1.0000000000,831429.0090039906,3000000.0000000000,0.0000000000,0.0000000000
108.8000000000,0.0396230301,182000000.0000000000,0.0447008243,1.0000000000,831429.0090039906,3000000.0000000000,0.0000000000,0.0000000000
109.0000000000,0.0396418448,182000000.0000000000,0.0447236971,1.0000000000,831429.0090039906,3000000.0000000000,0.0000000000,0.0000000000
109.2000000000,0.0396601954,182000000.0000000000,0.0447460525,1.0000000000,831429.0090039906,3000000.0000000000,0.0000000000,0.0000000000
109.4000000000,0.0396780800,182000000.0000000000,0.0447678884,1.0000000000,831429.0090039906,3000000.0000000000,0.0000000000,0.0000000000
109.6000000000,0.0396954968,182000000.0000000000,0.0447892024,1.0000000000,831429.0090039906,3000000.0000000000,0.0000000000,0.0000000000
109.8000000000,0.0397124440,182000000.0000000000,0.0448099925,1.0000000000,831429.0090039906,3000000.0000000000,0.0000000000,0.0000000000
110.0000000000,0.0397289200,182000000.0000000000,0.0448302567,1.0000000000,831429.0090039906,3000000.0000000000,0.0000000000,0.0000000000
110.2000000000,0.0397449231,182000000.0000000000,0.0448499928,1.0000000000,831429.0090039906,3000000.0000000000,0.0000000000,0.0000000000
110.4000000000,0.0397604517,182000000.0000000000,0.0448691989,1.0000000000,831429.0090039906,3000000.0000000000,0.0000000000,0.0000000000
110.6000000000,0.0397755043,182000000.0000000000,0.0448878731,1.0000000000,831429.0090039906,3000000.0000000000,0.0000000000,0.0000000000
110.8000000000,0.0397900793,182000000.0000000000,0.0449060135,1.0000000000,831429.0090039906,3000000.0000000000,0.0000000000,0.0000000000
111.0000000000,0.0398041753,182000000.0000000000,0.0449236183,1.0000000000,831429.0090039906,3000000.0000000000,0.0000000000,0.0000000000
111.2000000000,0.0398177909,182000000.0000000000,0.0449406858,1.0000000000,831429.0090039906,3000000.0000000000,0.0000000000,0.0000000000
111.4000000000,0.0398309248,182000000.0000000000,0.0449572142,1.0000000000,831429.0090039906,3000000.0000000000,0.0000000000,0.0000000000
111.6000000000,0.0398435755,182000000.0000000000,0.0449732019,1.0000000000,831429.0090039906,3000000.0000000000,0.0000000000,0.0000000000
111.8000000000,0.0398557419,182000000.0000000000,0.0449886472,1.0000000000,831429.0090039906,3000000.0000000000,0.0000000000,0.0000000000
112.0000000000,0.0398674227,182000000.0000000000,0.0450035487,1.0000000000,831429.0090039906,3000000.0000000000,0.0000000000,0.0000000000
112.2000000000,0.0398786168,182000000.0000000000,0.0450179049,1.0000000000,831429.0090039906,3000000.0000000000,0.0000000000,0.0000000000
112.4000000000,0.0398893230,182000000.0000000000,0.0450317143,1.0000000000,831429.0090039906,3000000.0000000000,0.0000000000,0.0000000000
112.6000000000,0.0398995403,182000000.0000000000,0.0450449755,1.0000000000,831429.0090039906,3000000.0000000000,0.0000000000,0.0000000000
112.8000000000,0.0399092677,182000000.0000000000,0.0450576872,1.0000000000,831429.0090039906,3000000.0000000000,0.0000000000,0.0000000000
113.0000000000,0.0399185041,182000000.0000000000,0.0450698481,1.0000000000,831429.0090039906,3000000.0000000000,0.0000000000,0.0000000000
113.2000000000,0.0399272486,182000000.0000000000,0.0450814571,1.0000000000,831429.0090039906,3000000.0000000000,0.0000000000,0.0000000000
113.4000000000,0.0399355005,182000000.0000000000,0.0450925129,1.0000000000,831429.0090039906,3000000.0000000000,0.0000000000,0.0000000000
113.6000000000,0.0399432588,182000000.0000000000,0.0451030145,1.0000000000,831429.0090039906,3000000.0000000000,0.0000000000,0.0000000000
113.8000000000,0.0399505228,182000000.0000000000,0.0451129608,1.0000000000,831429.0090039906,3000000.0000000000,0.0000000000,0.0000000000
114.0000000000,0.0399572917,182000000.0000000000,0.0451223508,1.0000000000,831429.0090039906,3000000.0000000000,0.0000000000,0.0000000000
114.2000000000,0.0399635650,182000000.0000000000,0.0451311835,1.0000000000,831429.0090039906,3000000.0000000000,0.0000000000,0.0000000000
114.4000000000,0.0399693418,182000000.0000000000,0.0451394582,1.0000000000,831429.0090039906,3000000.0000000000,0.0000000000,0.0000000000
114.6000000000,0.0399746217,182000000.0000000000,0.0451471739,1.0000000000,831429.0090039906,3000000.0000000000,0.0000000000,0.0000000000
114.8000000000,0.0399794042,182000000.0000000000,0.0451543299,1.0000000000,831429.0090039906,3000000.0000000000,0.0000000000,0.0000000000
115.0000000000,0.0399836888,182000000.0000000000,0.0451609254,1.0000000000,831429.0090039906,3000000.0000000000,0.0000000000,0.0000000000
115.2000000000,0.0399874749,182000000.0000000000,0.0451669599,1.0000000000,831429.0090039906,3000000.0000000000,0.0000000000,0.0000000000
115.4000000000,0.0399907624,182000000.0000000000,0.0451724327,1.0000000000,831429.0090039906,3000000.0000000000,0.0000000000,0.0000000000
115.6000000000,0.0399935507,182000000.0000000000,0.0451773432,1.0000000000,831429.0090039906,3000000.0000000000,0.0000000000,0.0000000000
115.8000000000,0.0399958397,182000000.0000000000,0.0451816910,1.0000000000,831429.0090039906,3000000.0000000000,0.0000000000,0.0000000000
116.0000000000,0.0399976292,182000000.0000000000,0.0451854757,1.0000000000,831429.0090039906,3000000.0000000000,0.0000000000,0.0000000000
116.2000000000,0.0399989188,182000000.0000000000,0.0451886968,1.0000000000,831429.0090039906,3000000.0000000000,0.0000000000,0.0000000000
116.4000000000,0.0399997086,182000000.0000000000,0.0451913540,1.0000000000,831429.0090039906,3000000.0000000000,0.0000000000,0.0000000000
116.6000000000,0.0399999984,182000000.0000000000,0.0451934472,1.0000000000,831429.0090039906,3000000.0000000000,0.0000000000,0.0000000000
116.8000000000,0.0399997882,182000000.0000000000,0.0451949759,1.0000000000,831429.0090039906,3000000.0000000000,0.0000000000,0.0000000000
117.0000000000,0.0399990781,182000000.0000000000,0.0451959402,1.0000000000,831429.0090039906,3000000.0000000000,0.0000000000,0.0000000000
117.2000000000,0.0399978680,182000000.0000000000,0.0451963399,1.0000000000,831429.0090039906,3000000.0000000000,0.0000000000,0.0000000000
117.4000000000,0.0399961582,182000000.0000000000,0.0451961750,1.0000000000,831429.0090039906,3000000.0000000000,0.0000000000,0.0000000000
117.6000000000,0.0399939487,182000000.0000000000,0.0451954454,1.0000000000,831429.0090039906,3000000.0000000000,0.0000000000,0.0000000000
117.8000000000,0.0399912399,182000000.0000000000,0.0451941513,1.0000000000,831429.0090039906,3000000.0000000000,0.0000000000,0.0000000000
118.0000000000,0.0399880319,182000000.0000000000,0.0451922928,1.0000000000,831429.0090039906,3000000.0000000000,0.0000000000,0.0000000000
118.2000000000,0.0399843251,182000000.0000000000,0.0451898701,1.0000000000,831429.0090039906,3000000.0000000000,0.0000000000,0.0000000000
118.4000000000,0.0399801199,182000000.0000000000,0.0451868834,1.0000000000,831429.0090039906,3000000.0000000000,0.0000000000,0.0000000000
118.6000000000,0.0399754167,182000000.0000000000,0.0451833330,1.0000000000,831429.0090039906,3000000.0000000000,0.0000000000,0.0000000000
118.8000000000,0.0399702160,182000000.0000000000,0.0451792193,1.0000000000,831429.0090039906,3000000.0000000000,0.0000000000,0.0000000000
119.0000000000,0.0399645183,182000000.0000000000,0.0451745426,1.0000000000,831429.0090039906,3000000.0000000000,0.0000000000,0.0000000000
119.2000000000,0.0399583241,182000000.0000000000,0.0451693035,1.0000000000,831429.0090039906,3000000.0000000000,0.0000000000,0.0000000000
119.4000000000,0.0399516340,182000000.0000000000,0.0451635025,1.0000000000,831429.0090039906,3000000.0000000000,0.0000000000,0.0000000000
119.6000000000,0.0399444488,182000000.0000000000,0.0451571402,1.0000000000,831429.0090039906,3000000.0000000000,0.0000000000,0.0000000000
119.8000000000,0.0399367692,182000000.0000000000,0.0451502171,1.0000000000,831429.0090039906,3000000.0000000000,0.0000000000,0.0000000000
